Timestamp,Batch_No,Lot_No,Turret_RPM,Main_Force_kN,Pre_Force_kN,Tablet_Count,Status,User_Name
2026-10-02 10:56:56,Pb1 Mb Compression,01,33.2,15.0,4.41,150000,RUNNING,10401 (PB1-Compression-Operator)
2026-10-02 10:57:06,Pb1 Mb Compression,01,32.3,15.44,4.59,150500,RUNNING,10401 (PB1-Compression-Operator)
2026-10-02 10:57:16,Pb1 Mb Compression,01,32.2,15.46,4.47,151000,RUNNING,10401 (PB1-Compression-Operator)
2026-10-02 10:57:26,Pb1 Mb Compression,01,33.0,15.2,4.48,151500,RUNNING,10401 (PB1-Compression-Operator)
2026-10-02 10:57:36,Pb1 Mb Compression,01,31.9,15.24,4.55,152000,RUNNING,10401 (PB1-Compression-Operator)
2026-10-02 10:57:46,Pb1 Mb Compression,01,33.0,15.39,4.42,152500,RUNNING,10401 (PB1-Compression-Operator)
2026-10-02 10:57:56,Pb1 Mb Compression,01,33.3,15.25,4.51,153000,RUNNING,10401 (PB1-Compression-Operator)
2026-10-02 10:58:06,Pb1 Mb Compression,01,32.3,15.44,4.43,153500,RUNNING,10401 (PB1-Compression-Operator)
2026-10-02 10:58:16,Pb1 Mb Compression,01,31.8,15.41,4.47,154000,RUNNING,10401 (PB1-Compression-Operator)
2026-10-02 10:58:26,Pb1 Mb Compression,01,33.4,14.99,4.4,154500,RUNNING,10401 (PB1-Compression-Operator)
2026-10-02 11:11:56,Pb1 Mb Compression,01,32.2,15.37,4.46,192160,RUNNING,10401 (PB1-Compression-Operator)
2026-10-02 11:18:11,Pb1 Mb Compression,01,31.4,15.14,4.54,185910,RUNNING,10401 (PB1-Compression-Operator)
2026-10-02 11:18:15,Pb1 Mb Compression,01,33.8,15.38,4.62,185950,RUNNING,10401 (PB1-Compression-Operator)
2026-10-02 11:19:51,Pb1 Mb Compression,01,32.6,15.24,4.7,186910,RUNNING,10401 (PB1-Compression-Operator)
2026-10-02 11:20:01,Pb1 Mb Compression,01,32.1,14.94,4.66,187010,RUNNING,10401 (PB1-Compression-Operator)
2026-10-02 11:20:11,Pb1 Mb Compression,01,33.4,15.08,4.34,187110,RUNNING,10401 (PB1-Compression-Operator)
2026-10-02 11:20:22,Pb1 Mb Compression,01,33.2,15.04,4.63,187220,RUNNING,10401 (PB1-Compression-Operator)
2026-10-02 11:20:32,Pb1 Mb Compression,01,32.6,15.54,4.7,187320,RUNNING,10401 (PB1-Compression-Operator)
2026-10-02 11:20:42,Pb1 Mb Compression,01,33.6,15.6,4.48,187420,RUNNING,10401 (PB1-Compression-Operator)
2026-10-02 11:20:53,Pb1 Mb Compression,01,32.9,14.98,4.44,187530,RUNNING,10401 (PB1-Compression-Operator)
2026-10-02 11:21:03,Pb1 Mb Compression,01,32.2,15.46,4.43,187630,RUNNING,10401 (PB1-Compression-Operator)
2026-10-02 11:21:13,Pb1 Mb Compression,01,33.6,15.12,4.45,187730,RUNNING,10401 (PB1-Compression-Operator)
2026-10-02 11:21:24,Pb1 Mb Compression,01,31.5,15.5,4.56,187840,RUNNING,10401 (PB1-Compression-Operator)
2026-10-02 11:21:34,Pb1 Mb Compression,01,33.6,15.25,4.61,187940,RUNNING,10401 (PB1-Compression-Operator)
2026-10-02 11:21:48,Pb1 Mb Compression,01,32.3,14.93,4.66,188080,RUNNING,10401 (PB1-Compression-Operator)
2026-10-02 11:21:58,Pb1 Mb Compression,01,32.4,15.47,4.43,188180,RUNNING,10401 (PB1-Compression-Operator)
2026-10-02 11:22:09,Pb1 Mb Compression,01,33.8,14.8,4.45,188290,RUNNING,10401 (PB1-Compression-Operator)
2026-10-02 11:22:19,Pb1 Mb Compression,01,32.7,14.92,4.38,188390,RUNNING,10401 (PB1-Compression-Operator)
2026-10-02 11:22:29,Pb1 Mb Compression,01,33.9,14.96,4.43,188490,RUNNING,10401 (PB1-Compression-Operator)
2026-10-02 11:22:40,Pb1 Mb Compression,01,33.1,14.92,4.47,188600,RUNNING,10401 (PB1-Compression-Operator)
2026-10-02 11:22:50,Pb1 Mb Compression,01,33.0,15.28,4.38,188700,RUNNING,10401 (PB1-Compression-Operator)
2026-10-02 11:23:00,Pb1 Mb Compression,01,32.9,14.96,4.43,188800,RUNNING,10401 (PB1-Compression-Operator)
2026-10-02 11:23:11,Pb1 Mb Compression,01,33.1,15.17,4.37,188910,RUNNING,10401 (PB1-Compression-Operator)
2026-10-02 11:23:21,Pb1 Mb Compression,01,33.4,15.35,4.63,189010,RUNNING,10401 (PB1-Compression-Operator)
2026-10-02 11:23:31,Pb1 Mb Compression,01,33.6,15.38,4.67,189110,RUNNING,10401 (PB1-Compression-Operator)
2026-10-02 11:23:42,Pb1 Mb Compression,01,32.1,15.24,4.31,189220,RUNNING,10401 (PB1-Compression-Operator)
2026-10-02 11:23:52,Pb1 Mb Compression,01,31.7,15.1,4.48,189320,RUNNING,10401 (PB1-Compression-Operator)
2026-10-02 11:24:02,Pb1 Mb Compression,01,31.3,14.93,4.34,189420,RUNNING,10401 (PB1-Compression-Operator)
2026-10-02 11:24:13,Pb1 Mb Compression,01,31.9,15.26,4.5,189530,RUNNING,10401 (PB1-Compression-Operator)
2026-10-02 11:24:23,Pb1 Mb Compression,01,33.8,15.42,4.33,189630,RUNNING,10401 (PB1-Compression-Operator)
2026-10-02 11:24:33,Pb1 Mb Compression,01,33.3,15.53,4.56,189730,RUNNING,10401 (PB1-Compression-Operator)
2026-10-02 11:24:44,Pb1 Mb Compression,01,31.7,15.15,4.42,189840,RUNNING,10401 (PB1-Compression-Operator)
2026-10-02 11:24:54,Pb1 Mb Compression,01,33.7,15.53,4.51,189940,RUNNING,10401 (PB1-Compression-Operator)
2026-10-02 11:25:04,Pb1 Mb Compression,01,34.0,15.3,4.42,190040,RUNNING,10401 (PB1-Compression-Operator)
2026-10-02 11:25:15,Pb1 Mb Compression,01,31.6,15.47,4.43,190150,RUNNING,10401 (PB1-Compression-Operator)
2026-10-02 11:25:25,Pb1 Mb Compression,01,31.5,15.27,4.51,190250,RUNNING,10401 (PB1-Compression-Operator)
2026-10-02 11:25:36,Pb1 Mb Compression,01,31.6,14.96,4.63,190360,RUNNING,10401 (PB1-Compression-Operator)
2026-10-02 11:25:46,Pb1 Mb Compression,01,31.8,15.03,4.3,190460,RUNNING,10401 (PB1-Compression-Operator)
2026-10-02 11:25:56,Pb1 Mb Compression,01,32.9,15.36,4.46,190560,RUNNING,10401 (PB1-Compression-Operator)
2026-10-02 11:26:07,Pb1 Mb Compression,01,33.9,15.23,4.47,190670,RUNNING,10401 (PB1-Compression-Operator)
2026-10-02 11:26:17,Pb1 Mb Compression,01,31.2,15.47,4.62,190770,RUNNING,10401 (PB1-Compression-Operator)
2026-10-02 11:26:27,Pb1 Mb Compression,01,33.2,15.5,4.48,190870,RUNNING,10401 (PB1-Compression-Operator)
2026-10-02 11:26:37,Pb1 Mb Compression,01,33.2,14.82,4.45,190970,RUNNING,10401 (PB1-Compression-Operator)
2026-10-02 11:26:48,Pb1 Mb Compression,01,33.3,15.17,4.66,191080,RUNNING,10401 (PB1-Compression-Operator)
2026-10-02 11:26:58,Pb1 Mb Compression,01,32.5,15.38,4.59,191180,RUNNING,10401 (PB1-Compression-Operator)
2026-10-02 11:27:08,Pb1 Mb Compression,01,31.2,14.89,4.67,191280,RUNNING,10401 (PB1-Compression-Operator)
2026-10-02 11:27:19,Pb1 Mb Compression,01,32.9,15.24,4.54,191390,RUNNING,10401 (PB1-Compression-Operator)
2026-10-02 11:27:29,Pb1 Mb Compression,01,31.8,14.92,4.55,191490,RUNNING,10401 (PB1-Compression-Operator)
2026-10-02 11:27:39,Pb1 Mb Compression,01,31.3,15.04,4.68,191590,RUNNING,10401 (PB1-Compression-Operator)
2026-10-02 11:28:09,Pb1 Mb Compression,01,33.4,15.12,4.59,191890,RUNNING,10401 (PB1-Compression-Operator)
2026-10-02 11:28:20,Pb1 Mb Compression,01,31.8,14.84,4.33,192000,RUNNING,10401 (PB1-Compression-Operator)
2026-10-02 11:28:30,Pb1 Mb Compression,01,32.0,14.87,4.37,192100,RUNNING,10401 (PB1-Compression-Operator)
2026-10-02 11:28:41,Pb1 Mb Compression,01,33.4,14.82,4.49,192210,RUNNING,10401 (PB1-Compression-Operator)
2026-10-02 11:28:51,Pb1 Mb Compression,01,33.9,15.21,4.44,192310,RUNNING,10401 (PB1-Compression-Operator)
2026-10-02 11:29:02,Pb1 Mb Compression,01,31.3,15.09,4.48,192420,RUNNING,10401 (PB1-Compression-Operator)
2026-10-02 11:29:12,Pb1 Mb Compression,01,31.2,15.47,4.44,192520,RUNNING,10401 (PB1-Compression-Operator)
2026-10-02 11:29:22,Pb1 Mb Compression,01,32.6,15.4,4.57,192620,RUNNING,10401 (PB1-Compression-Operator)
2026-10-02 11:29:33,Pb1 Mb Compression,01,34.0,15.53,4.56,192730,RUNNING,10401 (PB1-Compression-Operator)
2026-10-02 11:29:43,Pb1 Mb Compression,01,32.6,15.27,4.6,192830,RUNNING,10401 (PB1-Compression-Operator)
2026-10-02 11:29:53,Pb1 Mb Compression,01,31.9,15.02,4.43,192930,RUNNING,10401 (PB1-Compression-Operator)
2026-10-02 11:30:04,Pb1 Mb Compression,01,33.2,14.81,4.57,193040,RUNNING,10401 (PB1-Compression-Operator)
2026-10-02 11:30:14,Pb1 Mb Compression,01,32.6,15.48,4.33,193140,RUNNING,10401 (PB1-Compression-Operator)
2026-10-02 11:30:24,Pb1 Mb Compression,01,31.2,14.82,4.51,193240,RUNNING,10401 (PB1-Compression-Operator)
2026-10-02 11:30:35,Pb1 Mb Compression,01,31.5,14.95,4.66,193350,RUNNING,10401 (PB1-Compression-Operator)
2026-10-02 11:30:45,Pb1 Mb Compression,01,32.6,15.53,4.55,193450,RUNNING,10401 (PB1-Compression-Operator)
2026-10-02 11:30:56,Pb1 Mb Compression,01,32.7,15.3,4.34,193560,RUNNING,10401 (PB1-Compression-Operator)
2026-10-02 11:31:06,Pb1 Mb Compression,01,33.7,15.12,4.38,193660,RUNNING,10401 (PB1-Compression-Operator)
2026-10-02 11:31:17,Pb1 Mb Compression,01,31.9,15.17,4.31,193770,RUNNING,10401 (PB1-Compression-Operator)
2026-10-02 11:31:27,Pb1 Mb Compression,01,33.3,15.36,4.6,193870,RUNNING,10401 (PB1-Compression-Operator)
2026-10-02 11:31:38,Pb1 Mb Compression,01,31.4,15.16,4.68,193980,RUNNING,10401 (PB1-Compression-Operator)
2026-10-02 11:31:48,Pb1 Mb Compression,01,32.6,14.92,4.36,194080,RUNNING,10401 (PB1-Compression-Operator)
2026-10-02 11:31:59,Pb1 Mb Compression,01,32.5,15.05,4.3,194190,RUNNING,10401 (PB1-Compression-Operator)
2026-10-02 11:32:09,Pb1 Mb Compression,01,33.0,14.91,4.52,194290,RUNNING,10401 (PB1-Compression-Operator)
2026-10-02 11:32:19,Pb1 Mb Compression,01,31.4,14.87,4.39,194390,RUNNING,10401 (PB1-Compression-Operator)
2026-10-02 11:32:30,Pb1 Mb Compression,01,31.4,15.27,4.35,194500,RUNNING,10401 (PB1-Compression-Operator)
2026-10-02 11:32:40,Pb1 Mb Compression,01,33.3,15.14,4.34,194600,RUNNING,10401 (PB1-Compression-Operator)
2026-10-02 11:32:50,Pb1 Mb Compression,01,33.9,15.43,4.32,194700,RUNNING,10401 (PB1-Compression-Operator)
2026-10-02 11:33:01,Pb1 Mb Compression,01,33.5,15.58,4.56,194810,RUNNING,10401 (PB1-Compression-Operator)
2026-10-02 11:33:11,Pb1 Mb Compression,01,32.8,14.87,4.39,194910,RUNNING,10401 (PB1-Compression-Operator)
2026-10-02 11:33:21,Pb1 Mb Compression,01,31.5,15.59,4.31,185010,RUNNING,10401 (PB1-Compression-Operator)
2026-10-02 11:33:32,Pb1 Mb Compression,01,31.5,14.9,4.59,185120,RUNNING,10401 (PB1-Compression-Operator)
2026-10-02 11:33:42,Pb1 Mb Compression,01,32.5,14.93,4.5,185220,RUNNING,10401 (PB1-Compression-Operator)
2026-10-02 11:33:52,Pb1 Mb Compression,01,33.6,15.3,4.44,185320,RUNNING,10401 (PB1-Compression-Operator)
2026-10-02 11:34:03,Pb1 Mb Compression,01,33.6,15.0,4.53,185430,RUNNING,10401 (PB1-Compression-Operator)
2026-10-02 11:34:13,Pb1 Mb Compression,01,31.3,14.87,4.57,185530,RUNNING,10401 (PB1-Compression-Operator)
2026-10-02 11:34:23,Pb1 Mb Compression,01,32.1,15.55,4.43,185630,RUNNING,10401 (PB1-Compression-Operator)
2026-10-02 11:34:34,Pb1 Mb Compression,01,31.7,15.11,4.35,185740,RUNNING,10401 (PB1-Compression-Operator)
2026-10-02 11:34:44,Pb1 Mb Compression,01,32.6,15.03,4.52,185840,RUNNING,10401 (PB1-Compression-Operator)
2026-10-02 11:34:55,Pb1 Mb Compression,01,32.8,15.35,4.41,185950,RUNNING,10401 (PB1-Compression-Operator)
2026-10-02 11:35:05,Pb1 Mb Compression,01,33.9,15.56,4.56,186050,RUNNING,10401 (PB1-Compression-Operator)
2026-10-02 11:35:16,Pb1 Mb Compression,01,32.1,15.01,4.34,186160,RUNNING,10401 (PB1-Compression-Operator)
2026-10-02 11:35:26,Pb1 Mb Compression,01,32.9,15.36,4.69,186260,RUNNING,10401 (PB1-Compression-Operator)
2026-10-02 11:35:37,Pb1 Mb Compression,01,33.0,14.86,4.44,186370,RUNNING,10401 (PB1-Compression-Operator)
2026-10-02 11:35:48,Pb1 Mb Compression,01,31.1,15.42,4.36,186480,RUNNING,10401 (PB1-Compression-Operator)
2026-10-02 11:35:59,Pb1 Mb Compression,01,32.6,14.85,4.65,186590,RUNNING,10401 (PB1-Compression-Operator)
2026-10-02 11:36:09,Pb1 Mb Compression,01,33.1,14.81,4.52,186690,RUNNING,10401 (PB1-Compression-Operator)
2026-10-02 11:36:20,Pb1 Mb Compression,01,32.7,15.24,4.44,186800,RUNNING,10401 (PB1-Compression-Operator)
2026-10-02 11:36:31,Pb1 Mb Compression,01,32.4,15.19,4.69,186910,RUNNING,10401 (PB1-Compression-Operator)
2026-10-02 11:36:41,Pb1 Mb Compression,01,33.4,14.88,4.67,187010,RUNNING,10401 (PB1-Compression-Operator)
2026-10-02 11:36:52,Pb1 Mb Compression,01,32.7,15.21,4.35,187120,RUNNING,10401 (PB1-Compression-Operator)
2026-10-02 11:37:03,Pb1 Mb Compression,01,33.5,15.27,4.56,187230,RUNNING,10401 (PB1-Compression-Operator)
2026-10-02 11:37:14,Pb1 Mb Compression,01,33.5,15.36,4.54,187340,RUNNING,10401 (PB1-Compression-Operator)
2026-10-02 11:37:24,Pb1 Mb Compression,01,31.5,15.41,4.48,187440,RUNNING,10401 (PB1-Compression-Operator)
2026-10-02 11:37:35,Pb1 Mb Compression,01,32.2,15.3,4.31,187550,RUNNING,10401 (PB1-Compression-Operator)
2026-10-02 11:37:46,Pb1 Mb Compression,01,32.9,15.0,4.7,187660,RUNNING,10401 (PB1-Compression-Operator)
2026-10-02 11:37:57,Pb1 Mb Compression,01,33.7,15.48,4.4,187770,RUNNING,10401 (PB1-Compression-Operator)
2026-10-02 11:38:07,Pb1 Mb Compression,01,32.8,15.29,4.36,187870,RUNNING,10401 (PB1-Compression-Operator)
2026-10-02 11:38:18,Pb1 Mb Compression,01,31.8,14.96,4.63,187980,RUNNING,10401 (PB1-Compression-Operator)
2026-10-02 11:38:29,Pb1 Mb Compression,01,31.4,15.36,4.53,188090,RUNNING,10401 (PB1-Compression-Operator)
2026-10-02 11:38:40,Pb1 Mb Compression,01,34.0,15.02,4.34,188200,RUNNING,10401 (PB1-Compression-Operator)
2026-10-02 11:38:50,Pb1 Mb Compression,01,31.5,15.36,4.33,188300,RUNNING,10401 (PB1-Compression-Operator)
2026-10-02 11:39:01,Pb1 Mb Compression,01,34.0,15.16,4.41,188410,RUNNING,10401 (PB1-Compression-Operator)
2026-10-02 11:39:12,Pb1 Mb Compression,01,33.4,15.48,4.35,188520,RUNNING,10401 (PB1-Compression-Operator)
2026-10-02 11:39:23,Pb1 Mb Compression,01,31.1,15.18,4.64,188630,RUNNING,10401 (PB1-Compression-Operator)
2026-10-02 11:39:33,Pb1 Mb Compression,01,33.4,15.02,4.43,188730,RUNNING,10401 (PB1-Compression-Operator)
2026-10-02 11:39:44,Pb1 Mb Compression,01,31.7,14.81,4.49,188840,RUNNING,10401 (PB1-Compression-Operator)
2026-10-02 11:39:55,Pb1 Mb Compression,01,31.1,14.97,4.31,188950,RUNNING,10401 (PB1-Compression-Operator)
2026-10-02 11:40:06,Pb1 Mb Compression,01,32.5,15.28,4.64,189060,RUNNING,10401 (PB1-Compression-Operator)
2026-10-02 11:40:16,Pb1 Mb Compression,01,33.8,15.01,4.37,189160,RUNNING,10401 (PB1-Compression-Operator)
2026-10-02 11:40:27,Pb1 Mb Compression,01,33.3,15.53,4.42,189270,RUNNING,10401 (PB1-Compression-Operator)
2026-10-02 11:40:38,Pb1 Mb Compression,01,33.2,15.44,4.54,189380,RUNNING,10401 (PB1-Compression-Operator)
2026-10-02 11:40:49,Pb1 Mb Compression,01,33.5,15.06,4.66,189490,RUNNING,10401 (PB1-Compression-Operator)
2026-10-02 11:41:00,Pb1 Mb Compression,01,32.1,14.8,4.69,189600,RUNNING,10401 (PB1-Compression-Operator)
2026-10-02 11:41:10,Pb1 Mb Compression,01,32.3,15.44,4.65,189700,RUNNING,10401 (PB1-Compression-Operator)
2026-10-02 11:41:21,Pb1 Mb Compression,01,33.0,14.94,4.52,189810,RUNNING,10401 (PB1-Compression-Operator)
2026-10-02 11:41:31,Pb1 Mb Compression,01,32.9,15.24,4.34,189910,RUNNING,10401 (PB1-Compression-Operator)
2026-10-02 11:41:42,Pb1 Mb Compression,01,31.7,14.85,4.54,190020,RUNNING,10401 (PB1-Compression-Operator)
2026-10-02 11:41:52,Pb1 Mb Compression,01,33.2,15.26,4.43,190120,RUNNING,10401 (PB1-Compression-Operator)
2026-10-02 11:42:03,Pb1 Mb Compression,01,32.1,14.84,4.53,190230,RUNNING,10401 (PB1-Compression-Operator)
2026-10-02 11:42:13,Pb1 Mb Compression,01,32.4,15.2,4.3,190330,RUNNING,10401 (PB1-Compression-Operator)
2026-10-02 11:42:24,Pb1 Mb Compression,01,32.8,14.88,4.36,190440,RUNNING,10401 (PB1-Compression-Operator)
2026-10-02 11:42:35,Pb1 Mb Compression,01,32.1,15.49,4.31,190550,RUNNING,10401 (PB1-Compression-Operator)
2026-10-02 11:42:46,Pb1 Mb Compression,01,31.8,15.23,4.4,190660,RUNNING,10401 (PB1-Compression-Operator)
2026-10-02 11:42:57,Pb1 Mb Compression,01,31.4,15.35,4.63,190770,RUNNING,10401 (PB1-Compression-Operator)
2026-10-02 11:43:07,Pb1 Mb Compression,01,33.6,15.56,4.3,190870,RUNNING,10401 (PB1-Compression-Operator)
2026-10-02 11:43:18,Pb1 Mb Compression,01,32.8,15.22,4.47,190980,RUNNING,10401 (PB1-Compression-Operator)
2026-10-02 11:43:29,Pb1 Mb Compression,01,32.7,15.28,4.37,191090,RUNNING,10401 (PB1-Compression-Operator)
2026-10-02 11:43:40,Pb1 Mb Compression,01,31.6,15.13,4.44,191200,RUNNING,10401 (PB1-Compression-Operator)
2026-10-02 11:43:50,Pb1 Mb Compression,01,33.6,15.14,4.49,191300,RUNNING,10401 (PB1-Compression-Operator)
2026-10-02 11:44:01,Pb1 Mb Compression,01,31.6,14.87,4.4,191410,RUNNING,10401 (PB1-Compression-Operator)
2026-10-02 11:44:12,Pb1 Mb Compression,01,31.5,15.55,4.64,191520,RUNNING,10401 (PB1-Compression-Operator)
2026-10-02 11:44:23,Pb1 Mb Compression,01,33.2,15.26,4.66,191630,RUNNING,10401 (PB1-Compression-Operator)
2026-10-02 11:44:33,Pb1 Mb Compression,01,32.9,15.09,4.44,191730,RUNNING,10401 (PB1-Compression-Operator)
2026-10-02 11:44:44,Pb1 Mb Compression,01,32.7,15.12,4.63,191840,RUNNING,10401 (PB1-Compression-Operator)
2026-10-02 11:44:55,Pb1 Mb Compression,01,33.9,15.4,4.49,191950,RUNNING,10401 (PB1-Compression-Operator)
2026-10-02 11:45:06,Pb1 Mb Compression,01,32.5,15.32,4.48,192060,RUNNING,10401 (PB1-Compression-Operator)
2026-10-02 11:45:17,Pb1 Mb Compression,01,32.2,15.27,4.34,192170,RUNNING,10401 (PB1-Compression-Operator)
2026-10-02 11:45:27,Pb1 Mb Compression,01,32.0,15.26,4.36,192270,RUNNING,10401 (PB1-Compression-Operator)
2026-10-02 11:45:38,Pb1 Mb Compression,01,34.0,15.03,4.59,192380,RUNNING,10401 (PB1-Compression-Operator)
2026-10-02 11:45:48,Pb1 Mb Compression,01,33.4,15.13,4.45,192480,RUNNING,10401 (PB1-Compression-Operator)
2026-10-02 11:45:59,Pb1 Mb Compression,01,32.3,15.59,4.66,192590,RUNNING,10401 (PB1-Compression-Operator)
2026-10-02 11:46:10,Pb1 Mb Compression,01,31.4,14.9,4.56,192700,RUNNING,10401 (PB1-Compression-Operator)
2026-10-02 11:46:21,Pb1 Mb Compression,01,34.0,14.87,4.47,192810,RUNNING,10401 (PB1-Compression-Operator)
2026-10-02 11:46:31,Pb1 Mb Compression,01,33.6,15.13,4.59,192910,RUNNING,10401 (PB1-Compression-Operator)
2026-10-02 11:46:42,Pb1 Mb Compression,01,33.5,15.27,4.58,193020,RUNNING,10401 (PB1-Compression-Operator)
2026-10-02 11:46:53,Pb1 Mb Compression,01,33.5,14.98,4.62,193130,RUNNING,10401 (PB1-Compression-Operator)
2026-10-02 11:47:04,Pb1 Mb Compression,01,32.9,15.02,4.53,193240,RUNNING,10401 (PB1-Compression-Operator)
2026-10-02 11:47:14,Pb1 Mb Compression,01,31.3,15.49,4.38,193340,RUNNING,10401 (PB1-Compression-Operator)
2026-10-02 11:47:25,Pb1 Mb Compression,01,33.6,15.46,4.48,193450,RUNNING,10401 (PB1-Compression-Operator)
2026-10-02 11:47:36,Pb1 Mb Compression,01,32.2,15.03,4.54,193560,RUNNING,10401 (PB1-Compression-Operator)
2026-10-02 11:47:47,Pb1 Mb Compression,01,31.9,15.37,4.56,193670,RUNNING,10401 (PB1-Compression-Operator)
2026-10-02 11:47:57,Pb1 Mb Compression,01,31.4,15.51,4.55,193770,RUNNING,10401 (PB1-Compression-Operator)
2026-10-02 11:48:08,Pb1 Mb Compression,01,33.8,15.58,4.66,193880,RUNNING,10401 (PB1-Compression-Operator)
2026-10-02 11:48:19,Pb1 Mb Compression,01,33.0,14.99,4.35,193990,RUNNING,10401 (PB1-Compression-Operator)
2026-10-02 11:48:29,Pb1 Mb Compression,01,31.4,15.09,4.33,194090,RUNNING,10401 (PB1-Compression-Operator)
2026-10-02 11:48:40,Pb1 Mb Compression,01,33.4,15.49,4.42,194200,RUNNING,10401 (PB1-Compression-Operator)
2026-10-02 11:48:51,Pb1 Mb Compression,01,32.5,15.52,4.44,194310,RUNNING,10401 (PB1-Compression-Operator)
2026-10-02 11:49:01,Pb1 Mb Compression,01,33.4,15.24,4.4,194410,RUNNING,10401 (PB1-Compression-Operator)
2026-10-02 11:49:12,Pb1 Mb Compression,01,32.4,14.92,4.58,194520,RUNNING,10401 (PB1-Compression-Operator)
2026-10-02 11:49:23,Pb1 Mb Compression,01,32.3,15.25,4.31,194630,RUNNING,10401 (PB1-Compression-Operator)
2026-10-02 11:49:33,Pb1 Mb Compression,01,32.9,14.82,4.52,194730,RUNNING,10401 (PB1-Compression-Operator)
2026-10-02 11:49:44,Pb1 Mb Compression,01,31.1,15.6,4.4,194840,RUNNING,10401 (PB1-Compression-Operator)
2026-10-02 11:49:55,Pb1 Mb Compression,01,33.7,15.47,4.68,194950,RUNNING,10401 (PB1-Compression-Operator)
2026-10-02 11:50:06,Pb1 Mb Compression,01,32.3,15.54,4.43,185060,RUNNING,10401 (PB1-Compression-Operator)
2026-10-02 11:50:16,Pb1 Mb Compression,01,31.6,15.45,4.32,185160,RUNNING,10401 (PB1-Compression-Operator)
2026-10-02 11:50:27,Pb1 Mb Compression,01,33.0,15.19,4.67,185270,RUNNING,10401 (PB1-Compression-Operator)
2026-10-02 11:50:38,Pb1 Mb Compression,01,31.5,14.96,4.65,185380,RUNNING,10401 (PB1-Compression-Operator)
2026-10-02 11:50:49,Pb1 Mb Compression,01,32.0,15.25,4.67,185490,RUNNING,10401 (PB1-Compression-Operator)
2026-10-02 11:51:00,Pb1 Mb Compression,01,33.0,15.07,4.6,185600,RUNNING,10401 (PB1-Compression-Operator)
2026-10-02 11:51:11,Pb1 Mb Compression,01,33.7,15.46,4.41,185710,RUNNING,10401 (PB1-Compression-Operator)
2026-10-02 11:51:21,Pb1 Mb Compression,01,33.8,14.95,4.45,185810,RUNNING,10401 (PB1-Compression-Operator)
2026-10-02 11:51:32,Pb1 Mb Compression,01,33.0,15.49,4.63,185920,RUNNING,10401 (PB1-Compression-Operator)
2026-10-02 11:51:43,Pb1 Mb Compression,01,31.1,14.86,4.58,186030,RUNNING,10401 (PB1-Compression-Operator)
2026-10-02 11:51:53,Pb1 Mb Compression,01,33.1,15.07,4.54,186130,RUNNING,10401 (PB1-Compression-Operator)
2026-10-02 11:52:04,Pb1 Mb Compression,01,31.1,15.59,4.3,186240,RUNNING,10401 (PB1-Compression-Operator)
2026-10-02 11:52:15,Pb1 Mb Compression,01,33.6,14.8,4.66,186350,RUNNING,10401 (PB1-Compression-Operator)
2026-10-02 11:52:26,Pb1 Mb Compression,01,31.6,14.86,4.64,186460,RUNNING,10401 (PB1-Compression-Operator)
2026-10-02 11:52:36,Pb1 Mb Compression,01,31.9,15.41,4.7,186560,RUNNING,10401 (PB1-Compression-Operator)
2026-10-02 11:52:47,Pb1 Mb Compression,01,32.2,14.83,4.38,186670,RUNNING,10401 (PB1-Compression-Operator)
2026-10-02 11:52:58,Pb1 Mb Compression,01,33.4,15.01,4.59,186780,RUNNING,10401 (PB1-Compression-Operator)
2026-10-02 11:53:09,Pb1 Mb Compression,01,31.4,14.98,4.47,186890,RUNNING,10401 (PB1-Compression-Operator)
2026-10-02 11:53:20,Pb1 Mb Compression,01,32.0,15.28,4.46,187000,RUNNING,10401 (PB1-Compression-Operator)
2026-10-02 11:53:31,Pb1 Mb Compression,01,32.7,15.43,4.57,187110,RUNNING,10401 (PB1-Compression-Operator)
2026-10-02 11:53:41,Pb1 Mb Compression,01,32.7,15.57,4.49,187210,RUNNING,10401 (PB1-Compression-Operator)
2026-10-02 11:53:52,Pb1 Mb Compression,01,31.9,14.91,4.44,187320,RUNNING,10401 (PB1-Compression-Operator)
2026-10-02 11:54:03,Pb1 Mb Compression,01,33.6,14.81,4.51,187430,RUNNING,10401 (PB1-Compression-Operator)
2026-10-02 11:54:13,Pb1 Mb Compression,01,33.3,15.08,4.65,187530,RUNNING,10401 (PB1-Compression-Operator)
2026-10-02 11:54:24,Pb1 Mb Compression,01,31.3,15.55,4.69,187640,RUNNING,10401 (PB1-Compression-Operator)
2026-10-02 11:54:35,Pb1 Mb Compression,01,33.5,15.34,4.41,187750,RUNNING,10401 (PB1-Compression-Operator)
2026-10-02 11:54:46,Pb1 Mb Compression,01,32.7,15.5,4.44,187860,RUNNING,10401 (PB1-Compression-Operator)
2026-10-02 11:54:57,Pb1 Mb Compression,01,32.0,15.28,4.4,187970,RUNNING,10401 (PB1-Compression-Operator)
2026-10-02 11:55:08,Pb1 Mb Compression,01,32.1,15.2,4.59,188080,RUNNING,10401 (PB1-Compression-Operator)
2026-10-02 11:55:19,Pb1 Mb Compression,01,33.6,15.1,4.51,188190,RUNNING,10401 (PB1-Compression-Operator)
2026-10-02 11:55:29,Pb1 Mb Compression,01,32.6,15.4,4.32,188290,RUNNING,10401 (PB1-Compression-Operator)
2026-10-02 11:55:40,Pb1 Mb Compression,01,31.3,15.42,4.68,188400,RUNNING,10401 (PB1-Compression-Operator)
2026-10-02 11:55:51,Pb1 Mb Compression,01,33.3,15.05,4.33,188510,RUNNING,10401 (PB1-Compression-Operator)
2026-10-02 11:56:02,Pb1 Mb Compression,01,32.9,15.16,4.35,188620,RUNNING,10401 (PB1-Compression-Operator)
2026-10-02 11:56:13,Pb1 Mb Compression,01,31.7,15.39,4.61,188730,RUNNING,10401 (PB1-Compression-Operator)
2026-10-02 11:56:24,Pb1 Mb Compression,01,33.5,14.81,4.68,188840,RUNNING,10401 (PB1-Compression-Operator)
2026-10-02 11:56:34,Pb1 Mb Compression,01,33.7,14.83,4.68,188940,RUNNING,10401 (PB1-Compression-Operator)
2026-10-02 11:56:45,Pb1 Mb Compression,01,33.2,15.35,4.38,189050,RUNNING,10401 (PB1-Compression-Operator)
2026-10-02 11:56:56,Pb1 Mb Compression,01,33.1,15.27,4.39,189160,RUNNING,10401 (PB1-Compression-Operator)
2026-10-02 11:57:07,Pb1 Mb Compression,01,32.7,14.96,4.7,189270,RUNNING,10401 (PB1-Compression-Operator)
2026-10-02 11:57:18,Pb1 Mb Compression,01,31.8,15.41,4.31,189380,RUNNING,10401 (PB1-Compression-Operator)
2026-10-02 11:57:29,Pb1 Mb Compression,01,33.6,15.57,4.68,189490,RUNNING,10401 (PB1-Compression-Operator)
2026-10-02 11:57:40,Pb1 Mb Compression,01,32.6,14.89,4.49,189600,RUNNING,10401 (PB1-Compression-Operator)
2026-10-02 11:57:51,Pb1 Mb Compression,01,31.6,15.54,4.32,189710,RUNNING,10401 (PB1-Compression-Operator)
2026-10-02 11:58:02,Pb1 Mb Compression,01,32.2,14.85,4.56,189820,RUNNING,10401 (PB1-Compression-Operator)
2026-10-02 11:58:12,Pb1 Mb Compression,01,32.7,15.48,4.67,189920,RUNNING,10401 (PB1-Compression-Operator)
2026-10-02 11:58:23,Pb1 Mb Compression,01,33.3,15.25,4.53,190030,RUNNING,10401 (PB1-Compression-Operator)
2026-10-02 11:58:34,Pb1 Mb Compression,01,32.4,15.15,4.34,190140,RUNNING,10401 (PB1-Compression-Operator)
2026-10-02 11:58:45,Pb1 Mb Compression,01,32.6,14.87,4.55,190250,RUNNING,10401 (PB1-Compression-Operator)
2026-10-02 11:58:56,Pb1 Mb Compression,01,33.8,15.58,4.36,190360,RUNNING,10401 (PB1-Compression-Operator)
2026-10-02 11:59:07,Pb1 Mb Compression,01,32.9,15.48,4.33,190470,RUNNING,10401 (PB1-Compression-Operator)
2026-10-02 11:59:18,Pb1 Mb Compression,01,32.0,14.8,4.54,190580,RUNNING,10401 (PB1-Compression-Operator)
2026-10-02 11:59:29,Pb1 Mb Compression,01,32.4,15.49,4.58,190690,RUNNING,10401 (PB1-Compression-Operator)
2026-10-02 11:59:40,Pb1 Mb Compression,01,31.8,14.87,4.57,190800,RUNNING,10401 (PB1-Compression-Operator)
2026-10-02 11:59:51,Pb1 Mb Compression,01,33.2,15.16,4.41,190910,RUNNING,10401 (PB1-Compression-Operator)
2026-10-02 12:00:01,Pb1 Mb Compression,01,33.8,15.0,4.43,191010,RUNNING,10401 (PB1-Compression-Operator)
2026-10-02 12:00:12,Pb1 Mb Compression,01,31.4,15.44,4.37,191120,RUNNING,10401 (PB1-Compression-Operator)
2026-10-02 12:00:23,Pb1 Mb Compression,01,33.2,15.01,4.32,191230,RUNNING,10401 (PB1-Compression-Operator)
2026-10-02 12:00:34,Pb1 Mb Compression,01,32.1,14.96,4.65,191340,RUNNING,10401 (PB1-Compression-Operator)
2026-10-02 12:00:45,Pb1 Mb Compression,01,33.6,15.06,4.55,191450,RUNNING,10401 (PB1-Compression-Operator)
2026-10-02 12:00:56,Pb1 Mb Compression,01,31.5,15.07,4.46,191560,RUNNING,10401 (PB1-Compression-Operator)
2026-10-02 12:01:07,Pb1 Mb Compression,01,31.8,15.28,4.51,191670,RUNNING,10401 (PB1-Compression-Operator)
2026-10-02 12:01:18,Pb1 Mb Compression,01,31.3,15.54,4.55,191780,RUNNING,10401 (PB1-Compression-Operator)
2026-10-02 12:01:29,Pb1 Mb Compression,01,33.0,14.93,4.41,191890,RUNNING,10401 (PB1-Compression-Operator)
2026-10-02 12:01:40,Pb1 Mb Compression,01,31.8,14.92,4.48,192000,RUNNING,10401 (PB1-Compression-Operator)
2026-10-02 12:01:52,Pb1 Mb Compression,01,31.2,14.82,4.33,192120,RUNNING,10401 (PB1-Compression-Operator)
2026-10-02 12:02:03,Pb1 Mb Compression,01,33.8,14.99,4.57,192230,RUNNING,10401 (PB1-Compression-Operator)
2026-10-02 12:02:13,Pb1 Mb Compression,01,32.5,14.99,4.53,192330,RUNNING,10401 (PB1-Compression-Operator)
2026-10-02 12:02:25,Pb1 Mb Compression,01,34.0,15.08,4.45,192450,RUNNING,10401 (PB1-Compression-Operator)
2026-10-02 12:02:35,Pb1 Mb Compression,01,32.7,15.14,4.43,192550,RUNNING,10401 (PB1-Compression-Operator)
2026-10-02 12:02:47,Pb1 Mb Compression,01,32.7,15.13,4.52,192670,RUNNING,10401 (PB1-Compression-Operator)
2026-10-02 12:02:58,Pb1 Mb Compression,01,31.5,15.23,4.34,192780,RUNNING,10401 (PB1-Compression-Operator)
2026-10-02 12:03:09,Pb1 Mb Compression,01,31.6,15.28,4.42,192890,RUNNING,10401 (PB1-Compression-Operator)
2026-10-02 12:03:20,Pb1 Mb Compression,01,33.6,15.25,4.57,193000,RUNNING,10401 (PB1-Compression-Operator)
2026-10-02 12:03:31,Pb1 Mb Compression,01,32.4,14.99,4.53,193110,RUNNING,10401 (PB1-Compression-Operator)
2026-10-02 12:03:41,Pb1 Mb Compression,01,32.2,15.07,4.32,193210,RUNNING,10401 (PB1-Compression-Operator)
2026-10-02 12:03:53,Pb1 Mb Compression,01,34.0,15.09,4.54,193330,RUNNING,10401 (PB1-Compression-Operator)
2026-10-02 12:04:04,Pb1 Mb Compression,01,32.8,14.97,4.63,193440,RUNNING,10401 (PB1-Compression-Operator)
2026-10-02 12:04:14,Pb1 Mb Compression,01,32.5,15.27,4.64,193540,RUNNING,10401 (PB1-Compression-Operator)
2026-10-02 12:04:26,Pb1 Mb Compression,01,31.4,14.92,4.55,193660,RUNNING,10401 (PB1-Compression-Operator)
2026-10-02 12:04:37,Pb1 Mb Compression,01,32.6,15.39,4.32,193770,RUNNING,10401 (PB1-Compression-Operator)
2026-10-02 12:04:48,Pb1 Mb Compression,01,31.6,14.89,4.42,193880,RUNNING,10401 (PB1-Compression-Operator)
2026-10-02 12:04:59,Pb1 Mb Compression,01,32.8,14.86,4.52,193990,RUNNING,10401 (PB1-Compression-Operator)
2026-10-02 12:05:10,Pb1 Mb Compression,01,32.2,15.33,4.6,194100,RUNNING,10401 (PB1-Compression-Operator)
2026-10-02 12:05:21,Pb1 Mb Compression,01,32.0,15.41,4.56,194210,RUNNING,10401 (PB1-Compression-Operator)
2026-10-02 12:05:32,Pb1 Mb Compression,01,32.0,14.84,4.42,194320,RUNNING,10401 (PB1-Compression-Operator)
2026-10-02 12:05:43,Pb1 Mb Compression,01,33.5,14.87,4.47,194430,RUNNING,10401 (PB1-Compression-Operator)
2026-10-02 12:05:54,Pb1 Mb Compression,01,31.9,15.15,4.38,194540,RUNNING,10401 (PB1-Compression-Operator)
2026-10-02 12:06:05,Pb1 Mb Compression,01,33.1,14.87,4.41,194650,RUNNING,10401 (PB1-Compression-Operator)
2026-10-02 12:06:16,Pb1 Mb Compression,01,32.9,15.14,4.44,194760,RUNNING,10401 (PB1-Compression-Operator)
2026-10-02 12:06:27,Pb1 Mb Compression,01,32.1,14.86,4.61,194870,RUNNING,10401 (PB1-Compression-Operator)
2026-10-02 12:06:38,Pb1 Mb Compression,01,31.3,15.08,4.68,194980,RUNNING,10401 (PB1-Compression-Operator)
2026-10-02 12:06:49,Pb1 Mb Compression,01,32.6,14.8,4.52,185090,RUNNING,10401 (PB1-Compression-Operator)
2026-10-02 12:07:00,Pb1 Mb Compression,01,32.3,15.15,4.57,185200,RUNNING,10401 (PB1-Compression-Operator)
2026-10-02 12:07:11,Pb1 Mb Compression,01,33.7,14.89,4.44,185310,RUNNING,10401 (PB1-Compression-Operator)
2026-10-02 12:07:22,Pb1 Mb Compression,01,32.6,14.84,4.48,185420,RUNNING,10401 (PB1-Compression-Operator)
2026-10-02 12:07:33,Pb1 Mb Compression,01,31.3,15.42,4.68,185530,RUNNING,10401 (PB1-Compression-Operator)
2026-10-02 12:07:45,Pb1 Mb Compression,01,32.2,15.6,4.64,185650,RUNNING,10401 (PB1-Compression-Operator)
2026-10-02 12:07:56,Pb1 Mb Compression,01,33.3,15.05,4.61,185760,RUNNING,10401 (PB1-Compression-Operator)
2026-10-02 12:08:07,Pb1 Mb Compression,01,33.9,15.5,4.32,185870,RUNNING,10401 (PB1-Compression-Operator)
2026-10-02 12:08:18,Pb1 Mb Compression,01,33.3,15.54,4.42,185980,RUNNING,10401 (PB1-Compression-Operator)
2026-10-02 12:08:29,Pb1 Mb Compression,01,32.2,15.24,4.32,186090,RUNNING,10401 (PB1-Compression-Operator)
2026-10-02 12:08:40,Pb1 Mb Compression,01,33.0,14.92,4.56,186200,RUNNING,10401 (PB1-Compression-Operator)
2026-10-02 12:08:51,Pb1 Mb Compression,01,33.7,15.26,4.44,186310,RUNNING,10401 (PB1-Compression-Operator)
2026-10-02 12:09:02,Pb1 Mb Compression,01,32.7,15.22,4.4,186420,RUNNING,10401 (PB1-Compression-Operator)
2026-10-02 12:09:13,Pb1 Mb Compression,01,31.2,15.28,4.65,186530,RUNNING,10401 (PB1-Compression-Operator)
2026-10-02 12:09:24,Pb1 Mb Compression,01,32.2,15.19,4.35,186640,RUNNING,10401 (PB1-Compression-Operator)
2026-10-02 12:09:35,Pb1 Mb Compression,01,33.8,14.85,4.41,186750,RUNNING,10401 (PB1-Compression-Operator)
2026-10-02 12:09:46,Pb1 Mb Compression,01,31.8,15.6,4.66,186860,RUNNING,10401 (PB1-Compression-Operator)
2026-10-02 12:09:57,Pb1 Mb Compression,01,31.5,14.99,4.38,186970,RUNNING,10401 (PB1-Compression-Operator)
2026-10-02 12:10:09,Pb1 Mb Compression,01,33.9,15.32,4.32,187090,RUNNING,10401 (PB1-Compression-Operator)
2026-10-02 12:10:20,Pb1 Mb Compression,01,32.0,15.04,4.51,187200,RUNNING,10401 (PB1-Compression-Operator)
2026-10-02 12:10:31,Pb1 Mb Compression,01,31.5,15.35,4.35,187310,RUNNING,10401 (PB1-Compression-Operator)
2026-10-02 12:10:42,Pb1 Mb Compression,01,32.9,15.08,4.45,187420,RUNNING,10401 (PB1-Compression-Operator)
2026-10-02 12:10:53,Pb1 Mb Compression,01,31.8,15.2,4.68,187530,RUNNING,10401 (PB1-Compression-Operator)
2026-10-02 12:11:05,Pb1 Mb Compression,01,31.5,14.89,4.57,187650,RUNNING,10401 (PB1-Compression-Operator)
2026-10-02 12:11:16,Pb1 Mb Compression,01,32.4,14.8,4.47,187760,RUNNING,10401 (PB1-Compression-Operator)
2026-10-02 12:11:27,Pb1 Mb Compression,01,32.8,15.03,4.6,187870,RUNNING,10401 (PB1-Compression-Operator)
2026-10-02 12:11:38,Pb1 Mb Compression,01,31.5,15.0,4.32,187980,RUNNING,10401 (PB1-Compression-Operator)
2026-10-02 12:11:49,Pb1 Mb Compression,01,31.3,14.91,4.47,188090,RUNNING,10401 (PB1-Compression-Operator)
2026-10-02 12:12:00,Pb1 Mb Compression,01,33.9,15.59,4.43,188200,RUNNING,10401 (PB1-Compression-Operator)
2026-10-02 12:12:11,Pb1 Mb Compression,01,31.9,15.34,4.43,188310,RUNNING,10401 (PB1-Compression-Operator)
2026-10-02 12:12:22,Pb1 Mb Compression,01,33.1,15.13,4.31,188420,RUNNING,10401 (PB1-Compression-Operator)
2026-10-02 12:12:33,Pb1 Mb Compression,01,31.1,15.59,4.63,188530,RUNNING,10401 (PB1-Compression-Operator)
2026-10-02 12:12:44,Pb1 Mb Compression,01,33.9,15.08,4.46,188640,RUNNING,10401 (PB1-Compression-Operator)
2026-10-02 12:12:55,Pb1 Mb Compression,01,32.7,15.01,4.48,188750,RUNNING,10401 (PB1-Compression-Operator)
2026-10-02 12:13:06,Pb1 Mb Compression,01,31.5,15.05,4.43,188860,RUNNING,10401 (PB1-Compression-Operator)
2026-10-02 12:13:17,Pb1 Mb Compression,01,33.5,15.14,4.31,188970,RUNNING,10401 (PB1-Compression-Operator)
2026-10-02 12:13:28,Pb1 Mb Compression,01,33.5,15.52,4.58,189080,RUNNING,10401 (PB1-Compression-Operator)
2026-10-02 12:13:39,Pb1 Mb Compression,01,33.6,15.35,4.59,189190,RUNNING,10401 (PB1-Compression-Operator)
2026-10-02 12:13:50,Pb1 Mb Compression,01,31.5,15.17,4.58,189300,RUNNING,10401 (PB1-Compression-Operator)
2026-10-02 12:14:01,Pb1 Mb Compression,01,31.8,15.3,4.48,189410,RUNNING,10401 (PB1-Compression-Operator)
2026-10-02 12:14:13,Pb1 Mb Compression,01,31.8,15.32,4.62,189530,RUNNING,10401 (PB1-Compression-Operator)
2026-10-02 12:14:24,Pb1 Mb Compression,01,32.7,15.47,4.48,189640,RUNNING,10401 (PB1-Compression-Operator)
2026-10-02 12:14:35,Pb1 Mb Compression,01,31.6,15.02,4.63,189750,RUNNING,10401 (PB1-Compression-Operator)
2026-10-02 12:14:46,Pb1 Mb Compression,01,32.0,15.41,4.67,189860,RUNNING,10401 (PB1-Compression-Operator)
2026-10-02 12:14:57,Pb1 Mb Compression,01,32.0,15.19,4.33,189970,RUNNING,10401 (PB1-Compression-Operator)
2026-10-02 12:15:08,Pb1 Mb Compression,01,33.2,15.37,4.53,190080,RUNNING,10401 (PB1-Compression-Operator)
2026-10-02 12:15:19,Pb1 Mb Compression,01,32.2,14.85,4.37,190190,RUNNING,10401 (PB1-Compression-Operator)
2026-10-02 12:15:30,Pb1 Mb Compression,01,33.7,14.95,4.35,190300,RUNNING,10401 (PB1-Compression-Operator)
2026-10-02 12:15:41,Pb1 Mb Compression,01,32.2,15.32,4.49,190410,RUNNING,10401 (PB1-Compression-Operator)
2026-10-02 12:15:52,Pb1 Mb Compression,01,33.6,15.43,4.68,190520,RUNNING,10401 (PB1-Compression-Operator)
2026-10-02 12:16:03,Pb1 Mb Compression,01,32.5,15.4,4.5,190630,RUNNING,10401 (PB1-Compression-Operator)
2026-10-02 12:16:14,Pb1 Mb Compression,01,33.2,15.24,4.36,190740,RUNNING,10401 (PB1-Compression-Operator)
2026-10-02 12:16:25,Pb1 Mb Compression,01,31.8,14.94,4.39,190850,RUNNING,10401 (PB1-Compression-Operator)
2026-10-02 12:16:36,Pb1 Mb Compression,01,31.0,15.4,4.54,190960,RUNNING,10401 (PB1-Compression-Operator)
2026-10-02 12:16:47,Pb1 Mb Compression,01,33.1,15.48,4.6,191070,RUNNING,10401 (PB1-Compression-Operator)
2026-10-02 12:16:58,Pb1 Mb Compression,01,33.7,14.85,4.34,191180,RUNNING,10401 (PB1-Compression-Operator)
2026-10-02 12:17:09,Pb1 Mb Compression,01,32.8,15.09,4.5,191290,RUNNING,10401 (PB1-Compression-Operator)
2026-10-02 12:17:20,Pb1 Mb Compression,01,31.2,14.92,4.66,191400,RUNNING,10401 (PB1-Compression-Operator)
2026-10-02 12:17:31,Pb1 Mb Compression,01,31.5,15.38,4.35,191510,RUNNING,10401 (PB1-Compression-Operator)
2026-10-02 12:17:42,Pb1 Mb Compression,01,32.2,15.36,4.59,191620,RUNNING,10401 (PB1-Compression-Operator)
2026-10-02 12:17:53,Pb1 Mb Compression,01,33.5,15.28,4.7,191730,RUNNING,10401 (PB1-Compression-Operator)
2026-10-02 12:18:04,Pb1 Mb Compression,01,33.1,14.9,4.49,191840,RUNNING,10401 (PB1-Compression-Operator)
2026-10-02 12:18:15,Pb1 Mb Compression,01,33.1,15.05,4.46,191950,RUNNING,10401 (PB1-Compression-Operator)
2026-10-02 12:18:26,Pb1 Mb Compression,01,33.9,15.16,4.7,192060,RUNNING,10401 (PB1-Compression-Operator)
2026-10-02 12:18:37,Pb1 Mb Compression,01,32.1,15.34,4.5,192170,RUNNING,10401 (PB1-Compression-Operator)
2026-10-02 12:18:48,Pb1 Mb Compression,01,33.2,14.87,4.41,192280,RUNNING,10401 (PB1-Compression-Operator)
2026-10-02 12:18:59,Pb1 Mb Compression,01,32.4,15.22,4.66,192390,RUNNING,10401 (PB1-Compression-Operator)
2026-10-02 12:19:10,Pb1 Mb Compression,01,31.2,15.54,4.35,192500,RUNNING,10401 (PB1-Compression-Operator)
2026-10-02 12:19:21,Pb1 Mb Compression,01,31.5,15.58,4.4,192610,RUNNING,10401 (PB1-Compression-Operator)
2026-10-02 12:19:32,Pb1 Mb Compression,01,33.1,15.21,4.32,192720,RUNNING,10401 (PB1-Compression-Operator)
2026-10-02 12:19:43,Pb1 Mb Compression,01,31.1,15.46,4.42,192830,RUNNING,10401 (PB1-Compression-Operator)
2026-10-02 12:19:54,Pb1 Mb Compression,01,31.3,14.91,4.44,192940,RUNNING,10401 (PB1-Compression-Operator)
2026-10-02 12:20:55,Pb1 Mb Compression,01,34.0,15.14,4.36,193550,RUNNING,10401 (PB1-Compression-Operator)
2026-10-02 12:21:07,Pb1 Mb Compression,01,31.1,15.13,4.44,193670,RUNNING,10401 (PB1-Compression-Operator)
2026-10-02 12:21:18,Pb1 Mb Compression,01,32.5,15.27,4.42,193780,RUNNING,10401 (PB1-Compression-Operator)
2026-10-02 12:21:29,Pb1 Mb Compression,01,32.4,15.26,4.57,193890,RUNNING,10401 (PB1-Compression-Operator)
2026-10-02 12:21:39,Pb1 Mb Compression,01,31.1,15.47,4.47,193990,RUNNING,10401 (PB1-Compression-Operator)
2026-10-02 12:21:50,Pb1 Mb Compression,01,32.7,15.3,4.53,194100,RUNNING,10401 (PB1-Compression-Operator)
2026-10-02 12:22:01,Pb1 Mb Compression,01,31.4,15.02,4.37,194210,RUNNING,10401 (PB1-Compression-Operator)
2026-10-02 12:22:12,Pb1 Mb Compression,01,32.6,14.91,4.5,194320,RUNNING,10401 (PB1-Compression-Operator)
2026-10-02 12:22:23,Pb1 Mb Compression,01,32.7,15.15,4.45,194430,RUNNING,10401 (PB1-Compression-Operator)
2026-10-02 12:22:34,Pb1 Mb Compression,01,33.8,15.31,4.52,194540,RUNNING,10401 (PB1-Compression-Operator)
2026-10-02 12:22:45,Pb1 Mb Compression,01,33.8,14.9,4.65,194650,RUNNING,10401 (PB1-Compression-Operator)
2026-10-02 12:22:57,Pb1 Mb Compression,01,34.0,15.56,4.69,194770,RUNNING,10401 (PB1-Compression-Operator)
2026-10-02 12:23:08,Pb1 Mb Compression,01,32.6,15.35,4.62,194880,RUNNING,10401 (PB1-Compression-Operator)
2026-10-02 12:23:19,Pb1 Mb Compression,01,31.3,14.85,4.68,194990,RUNNING,10401 (PB1-Compression-Operator)
2026-10-02 12:23:30,Pb1 Mb Compression,01,32.2,15.34,4.61,185100,RUNNING,10401 (PB1-Compression-Operator)
2026-10-02 12:23:41,Pb1 Mb Compression,01,32.8,14.81,4.56,185210,RUNNING,10401 (PB1-Compression-Operator)
2026-10-02 12:23:52,Pb1 Mb Compression,01,31.9,15.59,4.57,185320,RUNNING,10401 (PB1-Compression-Operator)
2026-10-02 12:24:03,Pb1 Mb Compression,01,32.3,15.33,4.4,185430,RUNNING,10401 (PB1-Compression-Operator)
2026-10-02 12:24:14,Pb1 Mb Compression,01,33.3,15.57,4.66,185540,RUNNING,10401 (PB1-Compression-Operator)
2026-10-02 12:24:25,Pb1 Mb Compression,01,32.2,14.88,4.45,185650,RUNNING,10401 (PB1-Compression-Operator)
2026-10-02 12:24:36,Pb1 Mb Compression,01,33.0,15.24,4.31,185760,RUNNING,10401 (PB1-Compression-Operator)
2026-10-02 12:24:48,Pb1 Mb Compression,01,33.2,15.23,4.57,185880,RUNNING,10401 (PB1-Compression-Operator)
2026-10-02 12:24:59,Pb1 Mb Compression,01,33.4,15.45,4.67,185990,RUNNING,10401 (PB1-Compression-Operator)
2026-10-02 12:25:10,Pb1 Mb Compression,01,31.0,15.26,4.47,186100,RUNNING,10401 (PB1-Compression-Operator)
2026-10-02 12:25:21,Pb1 Mb Compression,01,33.6,15.37,4.46,186210,RUNNING,10401 (PB1-Compression-Operator)
2026-10-02 12:25:32,Pb1 Mb Compression,01,33.0,15.21,4.52,186320,RUNNING,10401 (PB1-Compression-Operator)
2026-10-02 12:25:43,Pb1 Mb Compression,01,33.0,15.59,4.33,186430,RUNNING,10401 (PB1-Compression-Operator)
2026-10-02 12:25:55,Pb1 Mb Compression,01,33.7,15.43,4.68,186550,RUNNING,10401 (PB1-Compression-Operator)
2026-10-02 12:26:06,Pb1 Mb Compression,01,33.6,14.82,4.54,186660,RUNNING,10401 (PB1-Compression-Operator)
2026-10-02 12:26:17,Pb1 Mb Compression,01,31.1,15.38,4.55,186770,RUNNING,10401 (PB1-Compression-Operator)
2026-10-02 12:26:28,Pb1 Mb Compression,01,32.7,15.29,4.61,186880,RUNNING,10401 (PB1-Compression-Operator)
2026-10-02 12:26:39,Pb1 Mb Compression,01,31.1,15.11,4.32,186990,RUNNING,10401 (PB1-Compression-Operator)
2026-10-02 12:26:50,Pb1 Mb Compression,01,32.9,14.83,4.38,187100,RUNNING,10401 (PB1-Compression-Operator)
2026-10-02 12:27:01,Pb1 Mb Compression,01,33.5,15.54,4.65,187210,RUNNING,10401 (PB1-Compression-Operator)
2026-10-02 12:27:12,Pb1 Mb Compression,01,33.7,15.26,4.66,187320,RUNNING,10401 (PB1-Compression-Operator)
2026-10-02 12:27:24,Pb1 Mb Compression,01,31.7,15.26,4.37,187440,RUNNING,10401 (PB1-Compression-Operator)
2026-10-02 12:27:35,Pb1 Mb Compression,01,33.1,15.39,4.47,187550,RUNNING,10401 (PB1-Compression-Operator)
2026-10-02 12:27:46,Pb1 Mb Compression,01,32.4,14.87,4.54,187660,RUNNING,10401 (PB1-Compression-Operator)
2026-10-02 12:27:57,Pb1 Mb Compression,01,31.8,14.88,4.55,187770,RUNNING,10401 (PB1-Compression-Operator)
2026-10-02 12:28:08,Pb1 Mb Compression,01,32.3,15.53,4.62,187880,RUNNING,10401 (PB1-Compression-Operator)
2026-10-02 12:28:19,Pb1 Mb Compression,01,31.5,15.21,4.69,187990,RUNNING,10401 (PB1-Compression-Operator)
2026-10-02 12:28:30,Pb1 Mb Compression,01,32.8,15.55,4.4,188100,RUNNING,10401 (PB1-Compression-Operator)
2026-10-02 12:28:41,Pb1 Mb Compression,01,32.8,14.92,4.68,188210,RUNNING,10401 (PB1-Compression-Operator)
2026-10-02 12:28:52,Pb1 Mb Compression,01,31.1,15.22,4.34,188320,RUNNING,10401 (PB1-Compression-Operator)
2026-10-02 12:29:03,Pb1 Mb Compression,01,31.4,15.37,4.65,188430,RUNNING,10401 (PB1-Compression-Operator)
2026-10-02 12:29:14,Pb1 Mb Compression,01,32.9,15.49,4.57,188540,RUNNING,10401 (PB1-Compression-Operator)
2026-10-02 12:29:25,Pb1 Mb Compression,01,33.9,15.1,4.39,188650,RUNNING,10401 (PB1-Compression-Operator)
2026-10-02 12:29:36,Pb1 Mb Compression,01,31.3,15.58,4.5,188760,RUNNING,10401 (PB1-Compression-Operator)
2026-10-02 12:29:47,Pb1 Mb Compression,01,33.3,15.24,4.59,188870,RUNNING,10401 (PB1-Compression-Operator)
2026-10-02 12:29:58,Pb1 Mb Compression,01,32.6,14.88,4.49,188980,RUNNING,10401 (PB1-Compression-Operator)
2026-10-02 12:30:09,Pb1 Mb Compression,01,33.1,15.29,4.67,189090,RUNNING,10401 (PB1-Compression-Operator)
2026-10-02 12:30:20,Pb1 Mb Compression,01,31.8,15.54,4.44,189200,RUNNING,10401 (PB1-Compression-Operator)
2026-10-02 12:30:31,Pb1 Mb Compression,01,33.6,15.26,4.48,189310,RUNNING,10401 (PB1-Compression-Operator)
2026-10-02 12:30:43,Pb1 Mb Compression,01,32.9,15.0,4.41,189430,RUNNING,10401 (PB1-Compression-Operator)
2026-10-02 12:30:54,Pb1 Mb Compression,01,31.6,15.39,4.33,189540,RUNNING,10401 (PB1-Compression-Operator)
2026-10-02 12:31:04,Pb1 Mb Compression,01,32.5,14.96,4.34,189640,RUNNING,10401 (PB1-Compression-Operator)
2026-10-02 12:31:16,Pb1 Mb Compression,01,31.1,14.96,4.62,189760,RUNNING,10401 (PB1-Compression-Operator)
2026-10-02 12:31:27,Pb1 Mb Compression,01,31.7,15.28,4.57,189870,RUNNING,10401 (PB1-Compression-Operator)
2026-10-02 12:31:38,Pb1 Mb Compression,01,32.4,15.03,4.48,189980,RUNNING,10401 (PB1-Compression-Operator)
2026-10-02 12:31:49,Pb1 Mb Compression,01,33.8,15.55,4.49,190090,RUNNING,10401 (PB1-Compression-Operator)
2026-10-02 12:32:00,Pb1 Mb Compression,01,32.4,15.39,4.33,190200,RUNNING,10401 (PB1-Compression-Operator)
2026-10-02 12:32:11,Pb1 Mb Compression,01,31.9,15.02,4.48,190310,RUNNING,10401 (PB1-Compression-Operator)
2026-10-02 12:32:23,Pb1 Mb Compression,01,33.8,15.31,4.42,190430,RUNNING,10401 (PB1-Compression-Operator)
2026-10-02 12:32:34,Pb1 Mb Compression,01,33.3,15.38,4.57,190540,RUNNING,10401 (PB1-Compression-Operator)
2026-10-02 12:32:45,Pb1 Mb Compression,01,33.4,14.94,4.48,190650,RUNNING,10401 (PB1-Compression-Operator)
2026-10-02 12:32:56,Pb1 Mb Compression,01,31.5,15.36,4.62,190760,RUNNING,10401 (PB1-Compression-Operator)
2026-10-02 12:33:08,Pb1 Mb Compression,01,33.6,15.12,4.34,190880,RUNNING,10401 (PB1-Compression-Operator)
2026-10-02 12:33:19,Pb1 Mb Compression,01,32.9,15.11,4.43,190990,RUNNING,10401 (PB1-Compression-Operator)
2026-10-02 12:33:30,Pb1 Mb Compression,01,32.2,15.11,4.31,191100,RUNNING,10401 (PB1-Compression-Operator)
2026-10-02 12:33:41,Pb1 Mb Compression,01,32.8,14.97,4.52,191210,RUNNING,10401 (PB1-Compression-Operator)
2026-10-02 12:33:52,Pb1 Mb Compression,01,31.7,14.83,4.69,191320,RUNNING,10401 (PB1-Compression-Operator)
2026-10-02 12:34:04,Pb1 Mb Compression,01,33.5,15.59,4.53,191440,RUNNING,10401 (PB1-Compression-Operator)
2026-10-02 12:34:15,Pb1 Mb Compression,01,32.1,15.15,4.33,191550,RUNNING,10401 (PB1-Compression-Operator)
2026-10-02 12:34:26,Pb1 Mb Compression,01,32.5,15.4,4.43,191660,RUNNING,10401 (PB1-Compression-Operator)
2026-10-02 12:34:38,Pb1 Mb Compression,01,32.3,15.03,4.3,191780,RUNNING,10401 (PB1-Compression-Operator)
2026-10-02 12:34:49,Pb1 Mb Compression,01,31.5,14.95,4.47,191890,RUNNING,10401 (PB1-Compression-Operator)
2026-10-02 12:35:00,Pb1 Mb Compression,01,33.5,15.12,4.5,192000,RUNNING,10401 (PB1-Compression-Operator)
2026-10-02 12:35:12,Pb1 Mb Compression,01,31.2,15.45,4.44,192120,RUNNING,10401 (PB1-Compression-Operator)
2026-10-02 12:35:23,Pb1 Mb Compression,01,31.6,14.98,4.69,192230,RUNNING,10401 (PB1-Compression-Operator)
2026-10-02 12:35:34,Pb1 Mb Compression,01,33.8,14.97,4.36,192340,RUNNING,10401 (PB1-Compression-Operator)
2026-10-02 12:35:45,Pb1 Mb Compression,01,33.4,15.08,4.38,192450,RUNNING,10401 (PB1-Compression-Operator)
2026-10-02 12:35:56,Pb1 Mb Compression,01,31.2,15.53,4.54,192560,RUNNING,10401 (PB1-Compression-Operator)
2026-10-02 12:36:07,Pb1 Mb Compression,01,31.7,15.24,4.69,192670,RUNNING,10401 (PB1-Compression-Operator)
2026-10-02 12:36:18,Pb1 Mb Compression,01,32.2,15.05,4.56,192780,RUNNING,10401 (PB1-Compression-Operator)
2026-10-02 12:36:30,Pb1 Mb Compression,01,32.7,15.4,4.56,192900,RUNNING,10401 (PB1-Compression-Operator)
2026-10-02 12:36:41,Pb1 Mb Compression,01,33.5,15.28,4.57,193010,RUNNING,10401 (PB1-Compression-Operator)
2026-10-02 12:36:52,Pb1 Mb Compression,01,33.4,15.51,4.68,193120,RUNNING,10401 (PB1-Compression-Operator)
2026-10-02 12:37:03,Pb1 Mb Compression,01,33.3,14.85,4.41,193230,RUNNING,10401 (PB1-Compression-Operator)
2026-10-02 12:37:14,Pb1 Mb Compression,01,31.6,14.95,4.6,193340,RUNNING,10401 (PB1-Compression-Operator)
2026-10-02 12:37:25,Pb1 Mb Compression,01,32.7,15.33,4.54,193450,RUNNING,10401 (PB1-Compression-Operator)
2026-10-02 12:37:36,Pb1 Mb Compression,01,33.9,15.14,4.59,193560,RUNNING,10401 (PB1-Compression-Operator)
2026-10-02 12:37:47,Pb1 Mb Compression,01,32.2,15.56,4.61,193670,RUNNING,10401 (PB1-Compression-Operator)
2026-10-02 12:37:58,Pb1 Mb Compression,01,32.6,15.52,4.38,193780,RUNNING,10401 (PB1-Compression-Operator)
2026-10-02 12:38:09,Pb1 Mb Compression,01,33.1,14.99,4.5,193890,RUNNING,10401 (PB1-Compression-Operator)
2026-10-02 12:38:20,Pb1 Mb Compression,01,33.6,15.07,4.58,194000,RUNNING,10401 (PB1-Compression-Operator)
2026-10-02 12:38:31,Pb1 Mb Compression,01,33.1,15.45,4.5,194110,RUNNING,10401 (PB1-Compression-Operator)
2026-10-02 12:38:42,Pb1 Mb Compression,01,33.7,15.38,4.43,194220,RUNNING,10401 (PB1-Compression-Operator)
